{"cameraMode":{"drawMode":0,"name":"Shaded","section":"Shading Mode"},"sceneLighting":true,"audioPlay":false,"sceneViewState":{"m_AlwaysRefresh":false,"showFog":true,"showSkybox":true,"showFlares":true,"showImageEffects":true,"showParticleSystems":true,"showVisualEffectGraphs":true,"m_FxEnabled":true},"in2DMode":false,"pivot":{"x":1.1281054019927979,"y":1.1138105392456055,"z":0.4059715270996094},"rotation":{"x":0.024183377623558046,"y":-0.020395755767822267,"z":-0.0004936355981044471,"w":-0.999505877494812},"size":18.570945739746095,"orthographic":true}